label,feature_1,feature_2,feature_3,feature_4,feature_5,feature_6
A,1,3,0.2,0.1,19,0
B,2,4,1.2,1.1,19,1
C,3,5,2.2,2.1,19,1
D,4,6,3.2,3.1,19,1.666666667
E,5,7,4.2,4.1,19,2.166666667
F,6,8,5.2,5.1,19,2.666666667
G,7,9,6.2,6.1,19,3.166666667
H,8,10,7.2,7.1,19,3.666666667
I,9,11,8.2,8.1,19,4.166666667